"Path","IsFileOrDirectory","GitTracked","GitIgnored","FileCount","SizeBytes","ContainsGitMetadata","ContainsManifest","ContainsTests","ContainsEntrypoint","ContainsSecretsSuspected","ContainsRuntimeState","ContainsGeneratedArtifacts","ImportReferences","CIReferences","DocReferences","TestReferences","LastCommitTouch","Classification","Responsibility","CanMove","ProposedOperation","ProposedDestination","RiskIfMoved","RiskIfLeft","RollbackMethod","ValidationCommand","OwnerApprovalRequired"
"T:\Project-AI-main\__pycache__","Directory","True","True","0","N/A (large)","False","False","False","False","False","False","True","0","0","0","0","See git log","GENERATED_OR_RUNTIME","See prior RESPONSIBILITY_RECOVERY_AUDIT.md for details","True","COPY_VERIFY_THEN_REMOVE","T:\Project-AI-consolidation-logs\","Low if verified","Low per BOUNDARY_AUDIT","git checkout -- __pycache__ or from hash manifest","git status; ap validate; python canonical/replay.py","True"
"T:\Project-AI-main\.agent","File","True","True","1","0","False","False","False","False","False","False","False","0","0","0","0","See git log","CACHE_OR_ENVIRONMENT","See prior RESPONSIBILITY_RECOVERY_AUDIT.md for details","True","COPY_VERIFY_THEN_REMOVE","T:\Project-AI-consolidation-logs\","Low if verified","Low per BOUNDARY_AUDIT","git checkout -- .agent or from hash manifest","git status; ap validate; python canonical/replay.py","True"
"T:\Project-AI-main\.antigravity","File","True","True","1","0","False","False","False","False","False","False","False","0","0","0","0","See git log","CACHE_OR_ENVIRONMENT","See prior RESPONSIBILITY_RECOVERY_AUDIT.md for details","True","COPY_VERIFY_THEN_REMOVE","T:\Project-AI-consolidation-logs\","Low if verified","Low per BOUNDARY_AUDIT","git checkout -- .antigravity or from hash manifest","git status; ap validate; python canonical/replay.py","True"
"T:\Project-AI-main\.claude","File","True","True","1","0","False","False","False","False","False","False","False","0","0","0","0","See git log","CACHE_OR_ENVIRONMENT","See prior RESPONSIBILITY_RECOVERY_AUDIT.md for details","True","COPY_VERIFY_THEN_REMOVE","T:\Project-AI-consolidation-logs\","Low if verified","Low per BOUNDARY_AUDIT","git checkout -- .claude or from hash manifest","git status; ap validate; python canonical/replay.py","True"
"T:\Project-AI-main\.codacy","File","True","True","1","0","False","False","False","False","False","False","False","0","0","0","0","See git log","CACHE_OR_ENVIRONMENT","See prior RESPONSIBILITY_RECOVERY_AUDIT.md for details","True","COPY_VERIFY_THEN_REMOVE","T:\Project-AI-consolidation-logs\","Low if verified","Low per BOUNDARY_AUDIT","git checkout -- .codacy or from hash manifest","git status; ap validate; python canonical/replay.py","True"
"T:\Project-AI-main\.devcontainer","File","True","True","1","0","False","False","False","False","False","False","False","0","0","0","0","See git log","CACHE_OR_ENVIRONMENT","See prior RESPONSIBILITY_RECOVERY_AUDIT.md for details","True","COPY_VERIFY_THEN_REMOVE","T:\Project-AI-consolidation-logs\","Low if verified","Low per BOUNDARY_AUDIT","git checkout -- .devcontainer or from hash manifest","git status; ap validate; python canonical/replay.py","True"
"T:\Project-AI-main\.githooks","File","True","True","1","0","False","False","False","False","False","False","False","0","0","0","0","See git log","CACHE_OR_ENVIRONMENT","See prior RESPONSIBILITY_RECOVERY_AUDIT.md for details","True","COPY_VERIFY_THEN_REMOVE","T:\Project-AI-consolidation-logs\","Low if verified","Low per BOUNDARY_AUDIT","git checkout -- .githooks or from hash manifest","git status; ap validate; python canonical/replay.py","True"
"T:\Project-AI-main\.github","File","True","True","1","0","False","False","False","False","False","False","False","0","0","0","0","See git log","CACHE_OR_ENVIRONMENT","See prior RESPONSIBILITY_RECOVERY_AUDIT.md for details","True","COPY_VERIFY_THEN_REMOVE","T:\Project-AI-consolidation-logs\","Low if verified","Low per BOUNDARY_AUDIT","git checkout -- .github or from hash manifest","git status; ap validate; python canonical/replay.py","True"
"T:\Project-AI-main\.gradle","File","True","True","1","0","False","False","False","False","False","False","False","0","0","0","0","See git log","CACHE_OR_ENVIRONMENT","See prior RESPONSIBILITY_RECOVERY_AUDIT.md for details","True","COPY_VERIFY_THEN_REMOVE","T:\Project-AI-consolidation-logs\","Low if verified","Low per BOUNDARY_AUDIT","git checkout -- .gradle or from hash manifest","git status; ap validate; python canonical/replay.py","True"
"T:\Project-AI-main\.hypothesis","File","True","True","1","0","False","False","False","False","False","False","False","0","0","0","0","See git log","CACHE_OR_ENVIRONMENT","See prior RESPONSIBILITY_RECOVERY_AUDIT.md for details","True","COPY_VERIFY_THEN_REMOVE","T:\Project-AI-consolidation-logs\","Low if verified","Low per BOUNDARY_AUDIT","git checkout -- .hypothesis or from hash manifest","git status; ap validate; python canonical/replay.py","True"
"T:\Project-AI-main\.mypy_cache","File","True","True","1","0","False","False","False","False","False","False","True","0","0","0","0","See git log","GENERATED_OR_RUNTIME","See prior RESPONSIBILITY_RECOVERY_AUDIT.md for details","True","COPY_VERIFY_THEN_REMOVE","T:\Project-AI-consolidation-logs\","Low if verified","Low per BOUNDARY_AUDIT","git checkout -- .mypy_cache or from hash manifest","git status; ap validate; python canonical/replay.py","True"
"T:\Project-AI-main\.obsidian","File","True","True","1","0","False","False","False","False","False","False","False","0","0","0","0","See git log","CACHE_OR_ENVIRONMENT","See prior RESPONSIBILITY_RECOVERY_AUDIT.md for details","True","COPY_VERIFY_THEN_REMOVE","T:\Project-AI-consolidation-logs\","Low if verified","Low per BOUNDARY_AUDIT","git checkout -- .obsidian or from hash manifest","git status; ap validate; python canonical/replay.py","True"
"T:\Project-AI-main\.pytest_cache","File","True","True","1","0","False","False","True","False","False","False","False","0","0","0","0","See git log","GENERATED_OR_RUNTIME","See prior RESPONSIBILITY_RECOVERY_AUDIT.md for details","True","COPY_VERIFY_THEN_REMOVE","T:\Project-AI-consolidation-logs\","Low if verified","Low per BOUNDARY_AUDIT","git checkout -- .pytest_cache or from hash manifest","git status; ap validate; python canonical/replay.py","True"
"T:\Project-AI-main\.ruff_cache","File","True","True","1","0","False","False","False","False","False","False","False","0","0","0","0","See git log","GENERATED_OR_RUNTIME","See prior RESPONSIBILITY_RECOVERY_AUDIT.md for details","True","COPY_VERIFY_THEN_REMOVE","T:\Project-AI-consolidation-logs\","Low if verified","Low per BOUNDARY_AUDIT","git checkout -- .ruff_cache or from hash manifest","git status; ap validate; python canonical/replay.py","True"
"T:\Project-AI-main\.tmp","File","True","True","1","0","False","False","False","False","False","False","False","0","0","0","0","See git log","CACHE_OR_ENVIRONMENT","See prior RESPONSIBILITY_RECOVERY_AUDIT.md for details","True","COPY_VERIFY_THEN_REMOVE","T:\Project-AI-consolidation-logs\","Low if verified","Low per BOUNDARY_AUDIT","git checkout -- .tmp or from hash manifest","git status; ap validate; python canonical/replay.py","True"
"T:\Project-AI-main\.venv","File","True","True","1","0","False","False","False","False","False","False","False","0","0","0","0","See git log","CACHE_OR_ENVIRONMENT","See prior RESPONSIBILITY_RECOVERY_AUDIT.md for details","True","COPY_VERIFY_THEN_REMOVE","T:\Project-AI-consolidation-logs\","Low if verified","Low per BOUNDARY_AUDIT","git checkout -- .venv or from hash manifest","git status; ap validate; python canonical/replay.py","True"
"T:\Project-AI-main\.venv_airllm","File","True","True","1","0","False","False","False","False","False","False","False","0","0","0","0","See git log","CACHE_OR_ENVIRONMENT","See prior RESPONSIBILITY_RECOVERY_AUDIT.md for details","True","COPY_VERIFY_THEN_REMOVE","T:\Project-AI-consolidation-logs\","Low if verified","Low per BOUNDARY_AUDIT","git checkout -- .venv_airllm or from hash manifest","git status; ap validate; python canonical/replay.py","True"
"T:\Project-AI-main\.vscode","File","True","True","1","0","False","False","False","False","False","False","False","0","0","0","0","See git log","CACHE_OR_ENVIRONMENT","See prior RESPONSIBILITY_RECOVERY_AUDIT.md for details","True","COPY_VERIFY_THEN_REMOVE","T:\Project-AI-consolidation-logs\","Low if verified","Low per BOUNDARY_AUDIT","git checkout -- .vscode or from hash manifest","git status; ap validate; python canonical/replay.py","True"
"T:\Project-AI-main\adversarial_tests","Directory","True","True","0","N/A (large)","False","False","True","False","False","False","False","0","0","0","0","See git log","ACTIVE_ROOT","See prior RESPONSIBILITY_RECOVERY_AUDIT.md for details","False","NONE","N/A","High","Low per BOUNDARY_AUDIT","git checkout -- adversarial_tests or from hash manifest","git status; ap validate; python canonical/replay.py","True"
"T:\Project-AI-main\agent_playbook","Directory","True","True","0","N/A (large)","False","False","False","False","False","False","False","0","0","0","0","See git log","ACTIVE_ROOT","See prior RESPONSIBILITY_RECOVERY_AUDIT.md for details","False","NONE","N/A","High","Low per BOUNDARY_AUDIT","git checkout -- agent_playbook or from hash manifest","git status; ap validate; python canonical/replay.py","True"
"T:\Project-AI-main\android","Directory","True","True","0","N/A (large)","False","False","False","False","False","False","False","0","0","0","0","See git log","CACHE_OR_ENVIRONMENT","See prior RESPONSIBILITY_RECOVERY_AUDIT.md for details","True","COPY_VERIFY_THEN_REMOVE","T:\Project-AI-consolidation-logs\","Low if verified","Low per BOUNDARY_AUDIT","git checkout -- android or from hash manifest","git status; ap validate; python canonical/replay.py","True"
"T:\Project-AI-main\api","Directory","True","True","0","N/A (large)","False","False","False","False","False","False","False","0","0","0","0","See git log","CACHE_OR_ENVIRONMENT","See prior RESPONSIBILITY_RECOVERY_AUDIT.md for details","True","COPY_VERIFY_THEN_REMOVE","T:\Project-AI-consolidation-logs\","Low if verified","Low per BOUNDARY_AUDIT","git checkout -- api or from hash manifest","git status; ap validate; python canonical/replay.py","True"
"T:\Project-AI-main\app","Directory","True","True","0","N/A (large)","False","False","False","True","False","False","False","0","0","0","0","See git log","CACHE_OR_ENVIRONMENT","See prior RESPONSIBILITY_RECOVERY_AUDIT.md for details","True","COPY_VERIFY_THEN_REMOVE","T:\Project-AI-consolidation-logs\","Low if verified","Low per BOUNDARY_AUDIT","git checkout -- app or from hash manifest","git status; ap validate; python canonical/replay.py","True"
"T:\Project-AI-main\archive","Directory","True","True","0","N/A (large)","False","False","False","False","False","False","False","0","0","0","0","See git log","CACHE_OR_ENVIRONMENT","See prior RESPONSIBILITY_RECOVERY_AUDIT.md for details","True","COPY_VERIFY_THEN_REMOVE","T:\Project-AI-consolidation-logs\","Low if verified","Low per BOUNDARY_AUDIT","git checkout -- archive or from hash manifest","git status; ap validate; python canonical/replay.py","True"
"T:\Project-AI-main\atlas","Directory","True","True","0","N/A (large)","False","False","False","False","False","False","False","0","0","0","0","See git log","CACHE_OR_ENVIRONMENT","See prior RESPONSIBILITY_RECOVERY_AUDIT.md for details","True","COPY_VERIFY_THEN_REMOVE","T:\Project-AI-consolidation-logs\","Low if verified","Low per BOUNDARY_AUDIT","git checkout -- atlas or from hash manifest","git status; ap validate; python canonical/replay.py","True"
"T:\Project-AI-main\audit_reports","Directory","True","True","0","N/A (large)","False","False","False","False","False","True","False","0","0","0","0","See git log","CACHE_OR_ENVIRONMENT","See prior RESPONSIBILITY_RECOVERY_AUDIT.md for details","True","COPY_VERIFY_THEN_REMOVE","T:\Project-AI-consolidation-logs\","Low if verified","Low per BOUNDARY_AUDIT","git checkout -- audit_reports or from hash manifest","git status; ap validate; python canonical/replay.py","True"
"T:\Project-AI-main\automation-backups","Directory","True","True","0","N/A (large)","False","False","False","False","False","False","False","0","0","0","0","See git log","CACHE_OR_ENVIRONMENT","See prior RESPONSIBILITY_RECOVERY_AUDIT.md for details","True","COPY_VERIFY_THEN_REMOVE","T:\Project-AI-consolidation-logs\","Low if verified","Low per BOUNDARY_AUDIT","git checkout -- automation-backups or from hash manifest","git status; ap validate; python canonical/replay.py","True"
"T:\Project-AI-main\automation-reports","Directory","True","True","0","N/A (large)","False","False","False","False","False","False","False","0","0","0","0","See git log","CACHE_OR_ENVIRONMENT","See prior RESPONSIBILITY_RECOVERY_AUDIT.md for details","True","COPY_VERIFY_THEN_REMOVE","T:\Project-AI-consolidation-logs\","Low if verified","Low per BOUNDARY_AUDIT","git checkout -- automation-reports or from hash manifest","git status; ap validate; python canonical/replay.py","True"
"T:\Project-AI-main\baseline","Directory","True","True","0","N/A (large)","False","False","False","False","False","False","False","0","0","0","0","See git log","CACHE_OR_ENVIRONMENT","See prior RESPONSIBILITY_RECOVERY_AUDIT.md for details","True","COPY_VERIFY_THEN_REMOVE","T:\Project-AI-consolidation-logs\","Low if verified","Low per BOUNDARY_AUDIT","git checkout -- baseline or from hash manifest","git status; ap validate; python canonical/replay.py","True"
"T:\Project-AI-main\benchmarks","Directory","True","True","0","N/A (large)","False","False","False","False","False","False","False","0","0","0","0","See git log","CACHE_OR_ENVIRONMENT","See prior RESPONSIBILITY_RECOVERY_AUDIT.md for details","True","COPY_VERIFY_THEN_REMOVE","T:\Project-AI-consolidation-logs\","Low if verified","Low per BOUNDARY_AUDIT","git checkout -- benchmarks or from hash manifest","git status; ap validate; python canonical/replay.py","True"
"T:\Project-AI-main\build","Directory","True","True","0","N/A (large)","False","False","False","False","False","False","False","0","0","0","0","See git log","CACHE_OR_ENVIRONMENT","See prior RESPONSIBILITY_RECOVERY_AUDIT.md for details","True","COPY_VERIFY_THEN_REMOVE","T:\Project-AI-consolidation-logs\","Low if verified","Low per BOUNDARY_AUDIT","git checkout -- build or from hash manifest","git status; ap validate; python canonical/replay.py","True"
"T:\Project-AI-main\buildSrc","Directory","True","True","0","N/A (large)","False","False","False","False","False","False","False","0","0","0","0","See git log","ACTIVE_ROOT","See prior RESPONSIBILITY_RECOVERY_AUDIT.md for details","False","NONE","N/A","High","Low per BOUNDARY_AUDIT","git checkout -- buildSrc or from hash manifest","git status; ap validate; python canonical/replay.py","True"
"T:\Project-AI-main\canonical","Directory","True","True","0","N/A (large)","False","False","False","False","False","False","False","0","0","0","0","See git log","ACTIVE_ROOT","See prior RESPONSIBILITY_RECOVERY_AUDIT.md for details","False","NONE","N/A","High","Low per BOUNDARY_AUDIT","git checkout -- canonical or from hash manifest","git status; ap validate; python canonical/replay.py","True"
"T:\Project-AI-main\ci-reports","Directory","True","True","0","N/A (large)","False","False","False","False","False","False","False","0","0","0","0","See git log","CACHE_OR_ENVIRONMENT","See prior RESPONSIBILITY_RECOVERY_AUDIT.md for details","True","COPY_VERIFY_THEN_REMOVE","T:\Project-AI-consolidation-logs\","Low if verified","Low per BOUNDARY_AUDIT","git checkout -- ci-reports or from hash manifest","git status; ap validate; python canonical/replay.py","True"
"T:\Project-AI-main\cognition","Directory","True","True","0","N/A (large)","False","False","False","False","False","False","False","0","0","0","0","See git log","CACHE_OR_ENVIRONMENT","See prior RESPONSIBILITY_RECOVERY_AUDIT.md for details","True","COPY_VERIFY_THEN_REMOVE","T:\Project-AI-consolidation-logs\","Low if verified","Low per BOUNDARY_AUDIT","git checkout -- cognition or from hash manifest","git status; ap validate; python canonical/replay.py","True"
"T:\Project-AI-main\config","Directory","True","True","0","N/A (large)","False","False","False","False","False","False","False","0","0","0","0","See git log","CACHE_OR_ENVIRONMENT","See prior RESPONSIBILITY_RECOVERY_AUDIT.md for details","True","COPY_VERIFY_THEN_REMOVE","T:\Project-AI-consolidation-logs\","Low if verified","Low per BOUNDARY_AUDIT","git checkout -- config or from hash manifest","git status; ap validate; python canonical/replay.py","True"
"T:\Project-AI-main\conformance","Directory","True","True","0","N/A (large)","False","False","False","False","False","False","False","0","0","0","0","See git log","CACHE_OR_ENVIRONMENT","See prior RESPONSIBILITY_RECOVERY_AUDIT.md for details","True","COPY_VERIFY_THEN_REMOVE","T:\Project-AI-consolidation-logs\","Low if verified","Low per BOUNDARY_AUDIT","git checkout -- conformance or from hash manifest","git status; ap validate; python canonical/replay.py","True"
"T:\Project-AI-main\data","Directory","True","True","0","N/A (large)","False","False","False","False","False","False","False","0","0","0","0","See git log","CACHE_OR_ENVIRONMENT","See prior RESPONSIBILITY_RECOVERY_AUDIT.md for details","True","COPY_VERIFY_THEN_REMOVE","T:\Project-AI-consolidation-logs\","Low if verified","Low per BOUNDARY_AUDIT","git checkout -- data or from hash manifest","git status; ap validate; python canonical/replay.py","True"
"T:\Project-AI-main\dataview-queries","Directory","True","True","0","N/A (large)","False","False","False","False","False","False","False","0","0","0","0","See git log","CACHE_OR_ENVIRONMENT","See prior RESPONSIBILITY_RECOVERY_AUDIT.md for details","True","COPY_VERIFY_THEN_REMOVE","T:\Project-AI-consolidation-logs\","Low if verified","Low per BOUNDARY_AUDIT","git checkout -- dataview-queries or from hash manifest","git status; ap validate; python canonical/replay.py","True"
"T:\Project-AI-main\demos","Directory","True","True","0","N/A (large)","False","False","False","False","False","False","False","0","0","0","0","See git log","CACHE_OR_ENVIRONMENT","See prior RESPONSIBILITY_RECOVERY_AUDIT.md for details","True","COPY_VERIFY_THEN_REMOVE","T:\Project-AI-consolidation-logs\","Low if verified","Low per BOUNDARY_AUDIT","git checkout -- demos or from hash manifest","git status; ap validate; python canonical/replay.py","True"
"T:\Project-AI-main\desktop","Directory","True","True","0","N/A (large)","False","False","False","False","False","False","False","0","0","0","0","See git log","CACHE_OR_ENVIRONMENT","See prior RESPONSIBILITY_RECOVERY_AUDIT.md for details","True","COPY_VERIFY_THEN_REMOVE","T:\Project-AI-consolidation-logs\","Low if verified","Low per BOUNDARY_AUDIT","git checkout -- desktop or from hash manifest","git status; ap validate; python canonical/replay.py","True"
"T:\Project-AI-main\diagrams","Directory","True","True","0","N/A (large)","False","False","False","False","False","False","False","0","0","0","0","See git log","CACHE_OR_ENVIRONMENT","See prior RESPONSIBILITY_RECOVERY_AUDIT.md for details","True","COPY_VERIFY_THEN_REMOVE","T:\Project-AI-consolidation-logs\","Low if verified","Low per BOUNDARY_AUDIT","git checkout -- diagrams or from hash manifest","git status; ap validate; python canonical/replay.py","True"
"T:\Project-AI-main\docker-compose.override.yml","File","True","True","1","0","False","False","False","False","False","False","False","0","0","0","0","See git log","CACHE_OR_ENVIRONMENT","See prior RESPONSIBILITY_RECOVERY_AUDIT.md for details","True","COPY_VERIFY_THEN_REMOVE","T:\Project-AI-consolidation-logs\","Low if verified","Low per BOUNDARY_AUDIT","git checkout -- docker-compose.override.yml or from hash manifest","git status; ap validate; python canonical/replay.py","True"
"T:\Project-AI-main\docker-compose.yml","File","True","True","1","0","False","False","False","False","False","False","False","0","0","0","0","See git log","CACHE_OR_ENVIRONMENT","See prior RESPONSIBILITY_RECOVERY_AUDIT.md for details","True","COPY_VERIFY_THEN_REMOVE","T:\Project-AI-consolidation-logs\","Low if verified","Low per BOUNDARY_AUDIT","git checkout -- docker-compose.yml or from hash manifest","git status; ap validate; python canonical/replay.py","True"
"T:\Project-AI-main\Dockerfile","Directory","True","True","0","N/A (large)","False","False","False","False","False","False","False","0","0","0","0","See git log","CACHE_OR_ENVIRONMENT","See prior RESPONSIBILITY_RECOVERY_AUDIT.md for details","True","COPY_VERIFY_THEN_REMOVE","T:\Project-AI-consolidation-logs\","Low if verified","Low per BOUNDARY_AUDIT","git checkout -- Dockerfile or from hash manifest","git status; ap validate; python canonical/replay.py","True"
"T:\Project-AI-main\docs","Directory","True","True","924","N/A (large)","False","False","False","False","False","False","False","0","0","0","0","See git log","ACTIVE_DOC","See prior RESPONSIBILITY_RECOVERY_AUDIT.md for details","False","NONE","N/A","High","Low per BOUNDARY_AUDIT","git checkout -- docs or from hash manifest","git status; ap validate; python canonical/replay.py","True"
"T:\Project-AI-main\e2e","Directory","True","True","0","N/A (large)","False","False","False","False","False","False","False","0","0","0","0","See git log","CACHE_OR_ENVIRONMENT","See prior RESPONSIBILITY_RECOVERY_AUDIT.md for details","True","COPY_VERIFY_THEN_REMOVE","T:\Project-AI-consolidation-logs\","Low if verified","Low per BOUNDARY_AUDIT","git checkout -- e2e or from hash manifest","git status; ap validate; python canonical/replay.py","True"
"T:\Project-AI-main\emergent-microservices","Directory","True","True","0","N/A (large)","False","False","False","False","False","False","False","0","0","0","0","See git log","CACHE_OR_ENVIRONMENT","See prior RESPONSIBILITY_RECOVERY_AUDIT.md for details","True","COPY_VERIFY_THEN_REMOVE","T:\Project-AI-consolidation-logs\","Low if verified","Low per BOUNDARY_AUDIT","git checkout -- emergent-microservices or from hash manifest","git status; ap validate; python canonical/replay.py","True"
"T:\Project-AI-main\engines","Directory","True","True","0","N/A (large)","False","False","False","False","False","False","False","0","0","0","0","See git log","CACHE_OR_ENVIRONMENT","See prior RESPONSIBILITY_RECOVERY_AUDIT.md for details","True","COPY_VERIFY_THEN_REMOVE","T:\Project-AI-consolidation-logs\","Low if verified","Low per BOUNDARY_AUDIT","git checkout -- engines or from hash manifest","git status; ap validate; python canonical/replay.py","True"
"T:\Project-AI-main\examples","Directory","True","True","0","N/A (large)","False","False","False","False","False","False","False","0","0","0","0","See git log","CACHE_OR_ENVIRONMENT","See prior RESPONSIBILITY_RECOVERY_AUDIT.md for details","True","COPY_VERIFY_THEN_REMOVE","T:\Project-AI-consolidation-logs\","Low if verified","Low per BOUNDARY_AUDIT","git checkout -- examples or from hash manifest","git status; ap validate; python canonical/replay.py","True"
"T:\Project-AI-main\governance","Directory","True","True","0","N/A (large)","False","False","False","False","False","False","False","0","0","0","0","See git log","ACTIVE_ROOT","See prior RESPONSIBILITY_RECOVERY_AUDIT.md for details","False","NONE","N/A","High","Low per BOUNDARY_AUDIT","git checkout -- governance or from hash manifest","git status; ap validate; python canonical/replay.py","True"
"T:\Project-AI-main\gradle","Directory","True","True","0","N/A (large)","False","False","False","False","False","False","False","0","0","0","0","See git log","CACHE_OR_ENVIRONMENT","See prior RESPONSIBILITY_RECOVERY_AUDIT.md for details","True","COPY_VERIFY_THEN_REMOVE","T:\Project-AI-consolidation-logs\","Low if verified","Low per BOUNDARY_AUDIT","git checkout -- gradle or from hash manifest","git status; ap validate; python canonical/replay.py","True"
"T:\Project-AI-main\gradle_evolution","Directory","True","True","0","N/A (large)","False","False","False","False","False","False","False","0","0","0","0","See git log","CACHE_OR_ENVIRONMENT","See prior RESPONSIBILITY_RECOVERY_AUDIT.md for details","True","COPY_VERIFY_THEN_REMOVE","T:\Project-AI-consolidation-logs\","Low if verified","Low per BOUNDARY_AUDIT","git checkout -- gradle_evolution or from hash manifest","git status; ap validate; python canonical/replay.py","True"
"T:\Project-AI-main\gradle-evolution","Directory","True","True","0","N/A (large)","False","False","False","False","False","False","False","0","0","0","0","See git log","CACHE_OR_ENVIRONMENT","See prior RESPONSIBILITY_RECOVERY_AUDIT.md for details","True","COPY_VERIFY_THEN_REMOVE","T:\Project-AI-consolidation-logs\","Low if verified","Low per BOUNDARY_AUDIT","git checkout -- gradle-evolution or from hash manifest","git status; ap validate; python canonical/replay.py","True"
"T:\Project-AI-main\graph-views","Directory","True","True","0","N/A (large)","False","False","False","False","False","False","False","0","0","0","0","See git log","CACHE_OR_ENVIRONMENT","See prior RESPONSIBILITY_RECOVERY_AUDIT.md for details","True","COPY_VERIFY_THEN_REMOVE","T:\Project-AI-consolidation-logs\","Low if verified","Low per BOUNDARY_AUDIT","git checkout -- graph-views or from hash manifest","git status; ap validate; python canonical/replay.py","True"
"T:\Project-AI-main\h323_sec_profile","Directory","True","True","0","N/A (large)","False","False","False","False","False","False","False","0","0","0","0","See git log","CACHE_OR_ENVIRONMENT","See prior RESPONSIBILITY_RECOVERY_AUDIT.md for details","True","COPY_VERIFY_THEN_REMOVE","T:\Project-AI-consolidation-logs\","Low if verified","Low per BOUNDARY_AUDIT","git checkout -- h323_sec_profile or from hash manifest","git status; ap validate; python canonical/replay.py","True"
"T:\Project-AI-main\hardware_schematics","Directory","True","True","0","N/A (large)","False","False","False","False","False","False","False","0","0","0","0","See git log","CACHE_OR_ENVIRONMENT","See prior RESPONSIBILITY_RECOVERY_AUDIT.md for details","True","COPY_VERIFY_THEN_REMOVE","T:\Project-AI-consolidation-logs\","Low if verified","Low per BOUNDARY_AUDIT","git checkout -- hardware_schematics or from hash manifest","git status; ap validate; python canonical/replay.py","True"
"T:\Project-AI-main\helm","Directory","True","True","0","N/A (large)","False","False","False","False","False","False","False","0","0","0","0","See git log","CACHE_OR_ENVIRONMENT","See prior RESPONSIBILITY_RECOVERY_AUDIT.md for details","True","COPY_VERIFY_THEN_REMOVE","T:\Project-AI-consolidation-logs\","Low if verified","Low per BOUNDARY_AUDIT","git checkout -- helm or from hash manifest","git status; ap validate; python canonical/replay.py","True"
"T:\Project-AI-main\indexes","Directory","True","True","0","N/A (large)","False","False","False","False","False","False","False","0","0","0","0","See git log","CACHE_OR_ENVIRONMENT","See prior RESPONSIBILITY_RECOVERY_AUDIT.md for details","True","COPY_VERIFY_THEN_REMOVE","T:\Project-AI-consolidation-logs\","Low if verified","Low per BOUNDARY_AUDIT","git checkout -- indexes or from hash manifest","git status; ap validate; python canonical/replay.py","True"
"T:\Project-AI-main\integrations","Directory","True","True","0","N/A (large)","False","False","False","False","False","False","False","0","0","0","0","See git log","CACHE_OR_ENVIRONMENT","See prior RESPONSIBILITY_RECOVERY_AUDIT.md for details","True","COPY_VERIFY_THEN_REMOVE","T:\Project-AI-consolidation-logs\","Low if verified","Low per BOUNDARY_AUDIT","git checkout -- integrations or from hash manifest","git status; ap validate; python canonical/replay.py","True"
"T:\Project-AI-main\kernel","Directory","True","True","0","N/A (large)","False","False","False","False","False","False","False","0","0","0","0","See git log","CACHE_OR_ENVIRONMENT","See prior RESPONSIBILITY_RECOVERY_AUDIT.md for details","True","COPY_VERIFY_THEN_REMOVE","T:\Project-AI-consolidation-logs\","Low if verified","Low per BOUNDARY_AUDIT","git checkout -- kernel or from hash manifest","git status; ap validate; python canonical/replay.py","True"
"T:\Project-AI-main\linguist-submission","Directory","True","True","0","N/A (large)","False","False","False","False","False","False","False","0","0","0","0","See git log","CACHE_OR_ENVIRONMENT","See prior RESPONSIBILITY_RECOVERY_AUDIT.md for details","True","COPY_VERIFY_THEN_REMOVE","T:\Project-AI-consolidation-logs\","Low if verified","Low per BOUNDARY_AUDIT","git checkout -- linguist-submission or from hash manifest","git status; ap validate; python canonical/replay.py","True"
"T:\Project-AI-main\monitoring","Directory","True","True","0","N/A (large)","False","False","False","False","False","False","False","0","0","0","0","See git log","CACHE_OR_ENVIRONMENT","See prior RESPONSIBILITY_RECOVERY_AUDIT.md for details","True","COPY_VERIFY_THEN_REMOVE","T:\Project-AI-consolidation-logs\","Low if verified","Low per BOUNDARY_AUDIT","git checkout -- monitoring or from hash manifest","git status; ap validate; python canonical/replay.py","True"
"T:\Project-AI-main\plans","Directory","True","True","0","N/A (large)","False","False","False","False","False","False","False","0","0","0","0","See git log","CACHE_OR_ENVIRONMENT","See prior RESPONSIBILITY_RECOVERY_AUDIT.md for details","True","COPY_VERIFY_THEN_REMOVE","T:\Project-AI-consolidation-logs\","Low if verified","Low per BOUNDARY_AUDIT","git checkout -- plans or from hash manifest","git status; ap validate; python canonical/replay.py","True"
"T:\Project-AI-main\policies","Directory","True","True","0","N/A (large)","False","False","False","False","False","False","False","0","0","0","0","See git log","CACHE_OR_ENVIRONMENT","See prior RESPONSIBILITY_RECOVERY_AUDIT.md for details","True","COPY_VERIFY_THEN_REMOVE","T:\Project-AI-consolidation-logs\","Low if verified","Low per BOUNDARY_AUDIT","git checkout -- policies or from hash manifest","git status; ap validate; python canonical/replay.py","True"
"T:\Project-AI-main\project_ai","Directory","True","True","0","N/A (large)","False","False","False","False","False","False","False","0","0","0","0","See git log","CACHE_OR_ENVIRONMENT","See prior RESPONSIBILITY_RECOVERY_AUDIT.md for details","True","COPY_VERIFY_THEN_REMOVE","T:\Project-AI-consolidation-logs\","Low if verified","Low per BOUNDARY_AUDIT","git checkout -- project_ai or from hash manifest","git status; ap validate; python canonical/replay.py","True"
"T:\Project-AI-main\Project_ai_index","Directory","True","True","0","N/A (large)","False","False","False","False","False","False","False","0","0","0","0","See git log","CACHE_OR_ENVIRONMENT","See prior RESPONSIBILITY_RECOVERY_AUDIT.md for details","True","COPY_VERIFY_THEN_REMOVE","T:\Project-AI-consolidation-logs\","Low if verified","Low per BOUNDARY_AUDIT","git checkout -- Project_ai_index or from hash manifest","git status; ap validate; python canonical/replay.py","True"
"T:\Project-AI-main\Project-Ai","Directory","True","True","0","N/A (large)","False","False","False","False","False","False","False","0","0","0","0","See git log","CACHE_OR_ENVIRONMENT","See prior RESPONSIBILITY_RECOVERY_AUDIT.md for details","True","COPY_VERIFY_THEN_REMOVE","T:\Project-AI-consolidation-logs\","Low if verified","Low per BOUNDARY_AUDIT","git checkout -- Project-Ai or from hash manifest","git status; ap validate; python canonical/replay.py","True"
"T:\Project-AI-main\recovery","Directory","True","True","0","N/A (large)","False","False","False","False","False","False","False","0","0","0","0","See git log","CACHE_OR_ENVIRONMENT","See prior RESPONSIBILITY_RECOVERY_AUDIT.md for details","True","COPY_VERIFY_THEN_REMOVE","T:\Project-AI-consolidation-logs\","Low if verified","Low per BOUNDARY_AUDIT","git checkout -- recovery or from hash manifest","git status; ap validate; python canonical/replay.py","True"
"T:\Project-AI-main\relationships","Directory","True","True","0","N/A (large)","False","False","False","False","False","False","False","0","0","0","0","See git log","CACHE_OR_ENVIRONMENT","See prior RESPONSIBILITY_RECOVERY_AUDIT.md for details","True","COPY_VERIFY_THEN_REMOVE","T:\Project-AI-consolidation-logs\","Low if verified","Low per BOUNDARY_AUDIT","git checkout -- relationships or from hash manifest","git status; ap validate; python canonical/replay.py","True"
"T:\Project-AI-main\scripts","Directory","True","True","0","N/A (large)","False","False","False","False","False","False","False","0","0","0","0","See git log","CACHE_OR_ENVIRONMENT","See prior RESPONSIBILITY_RECOVERY_AUDIT.md for details","True","COPY_VERIFY_THEN_REMOVE","T:\Project-AI-consolidation-logs\","Low if verified","Low per BOUNDARY_AUDIT","git checkout -- scripts or from hash manifest","git status; ap validate; python canonical/replay.py","True"
"T:\Project-AI-main\security","Directory","True","True","0","N/A (large)","False","False","False","False","False","False","False","0","0","0","0","See git log","CACHE_OR_ENVIRONMENT","See prior RESPONSIBILITY_RECOVERY_AUDIT.md for details","True","COPY_VERIFY_THEN_REMOVE","T:\Project-AI-consolidation-logs\","Low if verified","Low per BOUNDARY_AUDIT","git checkout -- security or from hash manifest","git status; ap validate; python canonical/replay.py","True"
"T:\Project-AI-main\source-docs","Directory","True","True","0","N/A (large)","False","False","False","False","False","False","False","0","0","0","0","See git log","ACTIVE_DOC","See prior RESPONSIBILITY_RECOVERY_AUDIT.md for details","False","NONE","N/A","High","Low per BOUNDARY_AUDIT","git checkout -- source-docs or from hash manifest","git status; ap validate; python canonical/replay.py","True"
"T:\Project-AI-main\SOVEREIGN-WAR-ROOM","Directory","True","True","0","N/A (large)","False","False","False","False","False","False","False","0","0","0","0","See git log","SIDE_SYSTEM","See prior RESPONSIBILITY_RECOVERY_AUDIT.md for details","True","COPY_VERIFY_THEN_REMOVE","T:\Project-AI-consolidation-logs\","Low if verified","Low per BOUNDARY_AUDIT","git checkout -- SOVEREIGN-WAR-ROOM or from hash manifest","git status; ap validate; python canonical/replay.py","True"
"T:\Project-AI-main\src","Directory","True","True","981","N/A (large)","False","False","False","False","False","False","False","0","0","0","0","See git log","ACTIVE_ROOT","See prior RESPONSIBILITY_RECOVERY_AUDIT.md for details","False","NONE","N/A","High","Low per BOUNDARY_AUDIT","git checkout -- src or from hash manifest","git status; ap validate; python canonical/replay.py","True"
"T:\Project-AI-main\tarl","Directory","True","True","0","N/A (large)","False","False","False","False","False","False","False","0","0","0","0","See git log","CACHE_OR_ENVIRONMENT","See prior RESPONSIBILITY_RECOVERY_AUDIT.md for details","True","COPY_VERIFY_THEN_REMOVE","T:\Project-AI-consolidation-logs\","Low if verified","Low per BOUNDARY_AUDIT","git checkout -- tarl or from hash manifest","git status; ap validate; python canonical/replay.py","True"
"T:\Project-AI-main\tarl_os","Directory","True","True","0","N/A (large)","False","False","False","False","False","False","False","0","0","0","0","See git log","CACHE_OR_ENVIRONMENT","See prior RESPONSIBILITY_RECOVERY_AUDIT.md for details","True","COPY_VERIFY_THEN_REMOVE","T:\Project-AI-consolidation-logs\","Low if verified","Low per BOUNDARY_AUDIT","git checkout -- tarl_os or from hash manifest","git status; ap validate; python canonical/replay.py","True"
"T:\Project-AI-main\templates","Directory","True","True","0","N/A (large)","False","False","False","False","False","False","False","0","0","0","0","See git log","CACHE_OR_ENVIRONMENT","See prior RESPONSIBILITY_RECOVERY_AUDIT.md for details","True","COPY_VERIFY_THEN_REMOVE","T:\Project-AI-consolidation-logs\","Low if verified","Low per BOUNDARY_AUDIT","git checkout -- templates or from hash manifest","git status; ap validate; python canonical/replay.py","True"
"T:\Project-AI-main\temporal","Directory","True","True","0","N/A (large)","False","False","False","False","False","False","False","0","0","0","0","See git log","CACHE_OR_ENVIRONMENT","See prior RESPONSIBILITY_RECOVERY_AUDIT.md for details","True","COPY_VERIFY_THEN_REMOVE","T:\Project-AI-consolidation-logs\","Low if verified","Low per BOUNDARY_AUDIT","git checkout -- temporal or from hash manifest","git status; ap validate; python canonical/replay.py","True"
"T:\Project-AI-main\test-artifacts","Directory","True","True","0","N/A (large)","False","False","False","False","False","False","True","0","0","0","0","See git log","GENERATED_OR_RUNTIME","See prior RESPONSIBILITY_RECOVERY_AUDIT.md for details","True","COPY_VERIFY_THEN_REMOVE","T:\Project-AI-consolidation-logs\","Low if verified","Low per BOUNDARY_AUDIT","git checkout -- test-artifacts or from hash manifest","git status; ap validate; python canonical/replay.py","True"
"T:\Project-AI-main\test-data","Directory","True","True","0","N/A (large)","False","False","False","False","False","False","False","0","0","0","0","See git log","CACHE_OR_ENVIRONMENT","See prior RESPONSIBILITY_RECOVERY_AUDIT.md for details","True","COPY_VERIFY_THEN_REMOVE","T:\Project-AI-consolidation-logs\","Low if verified","Low per BOUNDARY_AUDIT","git checkout -- test-data or from hash manifest","git status; ap validate; python canonical/replay.py","True"
"T:\Project-AI-main\tests","Directory","True","True","317","N/A (large)","False","False","True","False","False","False","False","0","0","0","0","See git log","ACTIVE_ROOT","See prior RESPONSIBILITY_RECOVERY_AUDIT.md for details","False","NONE","N/A","High","Low per BOUNDARY_AUDIT","git checkout -- tests or from hash manifest","git status; ap validate; python canonical/replay.py","True"
"T:\Project-AI-main\thirsty_lang","Directory","True","True","0","N/A (large)","False","False","False","False","False","False","False","0","0","0","0","See git log","CACHE_OR_ENVIRONMENT","See prior RESPONSIBILITY_RECOVERY_AUDIT.md for details","True","COPY_VERIFY_THEN_REMOVE","T:\Project-AI-consolidation-logs\","Low if verified","Low per BOUNDARY_AUDIT","git checkout -- thirsty_lang or from hash manifest","git status; ap validate; python canonical/replay.py","True"
"T:\Project-AI-main\tools","Directory","True","True","0","N/A (large)","False","False","False","False","False","False","False","0","0","0","0","See git log","CACHE_OR_ENVIRONMENT","See prior RESPONSIBILITY_RECOVERY_AUDIT.md for details","True","COPY_VERIFY_THEN_REMOVE","T:\Project-AI-consolidation-logs\","Low if verified","Low per BOUNDARY_AUDIT","git checkout -- tools or from hash manifest","git status; ap validate; python canonical/replay.py","True"
"T:\Project-AI-main\unity","Directory","True","True","0","N/A (large)","False","False","False","False","False","False","False","0","0","0","0","See git log","CACHE_OR_ENVIRONMENT","See prior RESPONSIBILITY_RECOVERY_AUDIT.md for details","True","COPY_VERIFY_THEN_REMOVE","T:\Project-AI-consolidation-logs\","Low if verified","Low per BOUNDARY_AUDIT","git checkout -- unity or from hash manifest","git status; ap validate; python canonical/replay.py","True"
"T:\Project-AI-main\usb_installer","Directory","True","True","0","N/A (large)","False","False","False","False","False","False","False","0","0","0","0","See git log","CACHE_OR_ENVIRONMENT","See prior RESPONSIBILITY_RECOVERY_AUDIT.md for details","True","COPY_VERIFY_THEN_REMOVE","T:\Project-AI-consolidation-logs\","Low if verified","Low per BOUNDARY_AUDIT","git checkout -- usb_installer or from hash manifest","git status; ap validate; python canonical/replay.py","True"
"T:\Project-AI-main\utils","Directory","True","True","0","N/A (large)","False","False","False","False","False","False","False","0","0","0","0","See git log","CACHE_OR_ENVIRONMENT","See prior RESPONSIBILITY_RECOVERY_AUDIT.md for details","True","COPY_VERIFY_THEN_REMOVE","T:\Project-AI-consolidation-logs\","Low if verified","Low per BOUNDARY_AUDIT","git checkout -- utils or from hash manifest","git status; ap validate; python canonical/replay.py","True"
"T:\Project-AI-main\validation","Directory","True","True","0","N/A (large)","False","False","False","False","False","False","False","0","0","0","0","See git log","CACHE_OR_ENVIRONMENT","See prior RESPONSIBILITY_RECOVERY_AUDIT.md for details","True","COPY_VERIFY_THEN_REMOVE","T:\Project-AI-consolidation-logs\","Low if verified","Low per BOUNDARY_AUDIT","git checkout -- validation or from hash manifest","git status; ap validate; python canonical/replay.py","True"
"T:\Project-AI-main\venv","Directory","True","True","0","N/A (large)","False","False","False","False","False","False","False","0","0","0","0","See git log","CACHE_OR_ENVIRONMENT","See prior RESPONSIBILITY_RECOVERY_AUDIT.md for details","True","COPY_VERIFY_THEN_REMOVE","T:\Project-AI-consolidation-logs\","Low if verified","Low per BOUNDARY_AUDIT","git checkout -- venv or from hash manifest","git status; ap validate; python canonical/replay.py","True"
"T:\Project-AI-main\web","Directory","True","True","153","N/A (large)","False","False","False","False","False","False","False","0","0","0","0","See git log","CACHE_OR_ENVIRONMENT","See prior RESPONSIBILITY_RECOVERY_AUDIT.md for details","True","COPY_VERIFY_THEN_REMOVE","T:\Project-AI-consolidation-logs\","Low if verified","Low per BOUNDARY_AUDIT","git checkout -- web or from hash manifest","git status; ap validate; python canonical/replay.py","True"
"T:\Project-AI-main\whitepaper","Directory","True","True","0","N/A (large)","False","False","False","False","False","False","False","0","0","0","0","See git log","CACHE_OR_ENVIRONMENT","See prior RESPONSIBILITY_RECOVERY_AUDIT.md for details","True","COPY_VERIFY_THEN_REMOVE","T:\Project-AI-consolidation-logs\","Low if verified","Low per BOUNDARY_AUDIT","git checkout -- whitepaper or from hash manifest","git status; ap validate; python canonical/replay.py","True"
"T:\Project-AI-main\wiki","Directory","True","True","191","N/A (large)","False","False","False","False","False","False","False","0","0","0","0","See git log","ACTIVE_DOC","See prior RESPONSIBILITY_RECOVERY_AUDIT.md for details","False","NONE","N/A","High","Low per BOUNDARY_AUDIT","git checkout -- wiki or from hash manifest","git status; ap validate; python canonical/replay.py","True"
"T:\Project-AI-main\writer-reviewer-workflow","Directory","True","True","0","N/A (large)","False","False","False","False","False","False","False","0","0","0","0","See git log","CACHE_OR_ENVIRONMENT","See prior RESPONSIBILITY_RECOVERY_AUDIT.md for details","True","COPY_VERIFY_THEN_REMOVE","T:\Project-AI-consolidation-logs\","Low if verified","Low per BOUNDARY_AUDIT","git checkout -- writer-reviewer-workflow or from hash manifest","git status; ap validate; python canonical/replay.py","True"
"T:\Project-AI-main\.bandit","File","True","True","1","0","False","False","False","False","False","False","False","0","0","0","0","See git log","CACHE_OR_ENVIRONMENT","See prior RESPONSIBILITY_RECOVERY_AUDIT.md for details","True","COPY_VERIFY_THEN_REMOVE","T:\Project-AI-consolidation-logs\","Low if verified","Low per BOUNDARY_AUDIT","git checkout -- .bandit or from hash manifest","git status; ap validate; python canonical/replay.py","True"
"T:\Project-AI-main\.cpanel.yml","File","True","True","1","0","False","False","False","False","False","False","False","0","0","0","0","See git log","CACHE_OR_ENVIRONMENT","See prior RESPONSIBILITY_RECOVERY_AUDIT.md for details","True","COPY_VERIFY_THEN_REMOVE","T:\Project-AI-consolidation-logs\","Low if verified","Low per BOUNDARY_AUDIT","git checkout -- .cpanel.yml or from hash manifest","git status; ap validate; python canonical/replay.py","True"
"T:\Project-AI-main\.dockerignore","File","True","True","1","0","False","False","False","False","False","False","False","0","0","0","0","See git log","CACHE_OR_ENVIRONMENT","See prior RESPONSIBILITY_RECOVERY_AUDIT.md for details","True","COPY_VERIFY_THEN_REMOVE","T:\Project-AI-consolidation-logs\","Low if verified","Low per BOUNDARY_AUDIT","git checkout -- .dockerignore or from hash manifest","git status; ap validate; python canonical/replay.py","True"
"T:\Project-AI-main\.env","File","True","True","1","0","False","False","False","False","False","False","False","0","0","0","0","See git log","CACHE_OR_ENVIRONMENT","See prior RESPONSIBILITY_RECOVERY_AUDIT.md for details","True","COPY_VERIFY_THEN_REMOVE","T:\Project-AI-consolidation-logs\","Low if verified","Low per BOUNDARY_AUDIT","git checkout -- .env or from hash manifest","git status; ap validate; python canonical/replay.py","True"
"T:\Project-AI-main\.env.example","File","True","True","1","0","False","False","False","False","False","False","False","0","0","0","0","See git log","CACHE_OR_ENVIRONMENT","See prior RESPONSIBILITY_RECOVERY_AUDIT.md for details","True","COPY_VERIFY_THEN_REMOVE","T:\Project-AI-consolidation-logs\","Low if verified","Low per BOUNDARY_AUDIT","git checkout -- .env.example or from hash manifest","git status; ap validate; python canonical/replay.py","True"
"T:\Project-AI-main\.eslintrc.json","File","True","True","1","0","False","False","False","False","False","False","False","0","0","0","0","See git log","CACHE_OR_ENVIRONMENT","See prior RESPONSIBILITY_RECOVERY_AUDIT.md for details","True","COPY_VERIFY_THEN_REMOVE","T:\Project-AI-consolidation-logs\","Low if verified","Low per BOUNDARY_AUDIT","git checkout -- .eslintrc.json or from hash manifest","git status; ap validate; python canonical/replay.py","True"
"T:\Project-AI-main\.gitattributes","File","True","True","1","0","False","False","False","False","False","False","False","0","0","0","0","See git log","CACHE_OR_ENVIRONMENT","See prior RESPONSIBILITY_RECOVERY_AUDIT.md for details","True","COPY_VERIFY_THEN_REMOVE","T:\Project-AI-consolidation-logs\","Low if verified","Low per BOUNDARY_AUDIT","git checkout -- .gitattributes or from hash manifest","git status; ap validate; python canonical/replay.py","True"
"T:\Project-AI-main\.gitignore","File","True","True","1","0","False","False","False","False","False","False","False","0","0","0","0","See git log","ACTIVE_ROOT","See prior RESPONSIBILITY_RECOVERY_AUDIT.md for details","False","NONE","N/A","High","Low per BOUNDARY_AUDIT","git checkout -- .gitignore or from hash manifest","git status; ap validate; python canonical/replay.py","True"
"T:\Project-AI-main\.gitignore.team-vault","File","True","True","1","0","False","False","False","False","False","False","False","0","0","0","0","See git log","ACTIVE_ROOT","See prior RESPONSIBILITY_RECOVERY_AUDIT.md for details","False","NONE","N/A","High","Low per BOUNDARY_AUDIT","git checkout -- .gitignore.team-vault or from hash manifest","git status; ap validate; python canonical/replay.py","True"
"T:\Project-AI-main\.gitmodules","File","True","True","1","0","False","False","False","False","False","False","False","0","0","0","0","See git log","CACHE_OR_ENVIRONMENT","See prior RESPONSIBILITY_RECOVERY_AUDIT.md for details","True","COPY_VERIFY_THEN_REMOVE","T:\Project-AI-consolidation-logs\","Low if verified","Low per BOUNDARY_AUDIT","git checkout -- .gitmodules or from hash manifest","git status; ap validate; python canonical/replay.py","True"
"T:\Project-AI-main\.pre-commit-config.yaml","File","True","True","1","0","False","False","False","False","False","False","False","0","0","0","0","See git log","CACHE_OR_ENVIRONMENT","See prior RESPONSIBILITY_RECOVERY_AUDIT.md for details","True","COPY_VERIFY_THEN_REMOVE","T:\Project-AI-consolidation-logs\","Low if verified","Low per BOUNDARY_AUDIT","git checkout -- .pre-commit-config.yaml or from hash manifest","git status; ap validate; python canonical/replay.py","True"
"T:\Project-AI-main\.python-version","File","True","True","1","0","False","False","False","False","False","False","False","0","0","0","0","See git log","CACHE_OR_ENVIRONMENT","See prior RESPONSIBILITY_RECOVERY_AUDIT.md for details","True","COPY_VERIFY_THEN_REMOVE","T:\Project-AI-consolidation-logs\","Low if verified","Low per BOUNDARY_AUDIT","git checkout -- .python-version or from hash manifest","git status; ap validate; python canonical/replay.py","True"
"T:\Project-AI-main\AGENT_CREATION_SUMMARY.md","File","True","True","1","0","False","False","False","False","False","False","False","0","0","0","0","See git log","CACHE_OR_ENVIRONMENT","See prior RESPONSIBILITY_RECOVERY_AUDIT.md for details","True","COPY_VERIFY_THEN_REMOVE","T:\Project-AI-consolidation-logs\","Low if verified","Low per BOUNDARY_AUDIT","git checkout -- AGENT_CREATION_SUMMARY.md or from hash manifest","git status; ap validate; python canonical/replay.py","True"
"T:\Project-AI-main\AGENTS.md","File","True","True","1","0","False","False","False","True","False","False","False","0","0","0","0","See git log","ACTIVE_ROOT","See prior RESPONSIBILITY_RECOVERY_AUDIT.md for details","False","NONE","N/A","High","Low per BOUNDARY_AUDIT","git checkout -- AGENTS.md or from hash manifest","git status; ap validate; python canonical/replay.py","True"
"T:\Project-AI-main\API_QUICK_REFERENCE.md","File","True","True","1","0","False","False","False","False","False","False","False","0","0","0","0","See git log","CACHE_OR_ENVIRONMENT","See prior RESPONSIBILITY_RECOVERY_AUDIT.md for details","True","COPY_VERIFY_THEN_REMOVE","T:\Project-AI-consolidation-logs\","Low if verified","Low per BOUNDARY_AUDIT","git checkout -- API_QUICK_REFERENCE.md or from hash manifest","git status; ap validate; python canonical/replay.py","True"
"T:\Project-AI-main\app-config.json","File","True","True","1","0","False","False","False","True","False","False","False","0","0","0","0","See git log","CACHE_OR_ENVIRONMENT","See prior RESPONSIBILITY_RECOVERY_AUDIT.md for details","True","COPY_VERIFY_THEN_REMOVE","T:\Project-AI-consolidation-logs\","Low if verified","Low per BOUNDARY_AUDIT","git checkout -- app-config.json or from hash manifest","git status; ap validate; python canonical/replay.py","True"
"T:\Project-AI-main\ARCHITECT_MANIFEST.md","File","True","True","1","0","False","False","False","False","False","False","False","0","0","0","0","See git log","CACHE_OR_ENVIRONMENT","See prior RESPONSIBILITY_RECOVERY_AUDIT.md for details","True","COPY_VERIFY_THEN_REMOVE","T:\Project-AI-consolidation-logs\","Low if verified","Low per BOUNDARY_AUDIT","git checkout -- ARCHITECT_MANIFEST.md or from hash manifest","git status; ap validate; python canonical/replay.py","True"
"T:\Project-AI-main\audit.log","File","True","True","1","0","False","False","False","False","False","True","False","0","0","0","0","See git log","CACHE_OR_ENVIRONMENT","See prior RESPONSIBILITY_RECOVERY_AUDIT.md for details","True","COPY_VERIFY_THEN_REMOVE","T:\Project-AI-consolidation-logs\","Low if verified","Low per BOUNDARY_AUDIT","git checkout -- audit.log or from hash manifest","git status; ap validate; python canonical/replay.py","True"
"T:\Project-AI-main\bootstrap.py","File","True","True","1","0","False","False","False","False","False","False","False","0","0","0","0","See git log","CACHE_OR_ENVIRONMENT","See prior RESPONSIBILITY_RECOVERY_AUDIT.md for details","True","COPY_VERIFY_THEN_REMOVE","T:\Project-AI-consolidation-logs\","Low if verified","Low per BOUNDARY_AUDIT","git checkout -- bootstrap.py or from hash manifest","git status; ap validate; python canonical/replay.py","True"
"T:\Project-AI-main\build-wrapper.ps1","File","True","True","1","0","False","False","False","True","False","False","False","0","0","0","0","See git log","CACHE_OR_ENVIRONMENT","See prior RESPONSIBILITY_RECOVERY_AUDIT.md for details","True","COPY_VERIFY_THEN_REMOVE","T:\Project-AI-consolidation-logs\","Low if verified","Low per BOUNDARY_AUDIT","git checkout -- build-wrapper.ps1 or from hash manifest","git status; ap validate; python canonical/replay.py","True"
"T:\Project-AI-main\build-wrapper.sh","File","True","True","1","0","False","False","False","True","False","False","False","0","0","0","0","See git log","CACHE_OR_ENVIRONMENT","See prior RESPONSIBILITY_RECOVERY_AUDIT.md for details","True","COPY_VERIFY_THEN_REMOVE","T:\Project-AI-consolidation-logs\","Low if verified","Low per BOUNDARY_AUDIT","git checkout -- build-wrapper.sh or from hash manifest","git status; ap validate; python canonical/replay.py","True"
"T:\Project-AI-main\build.gradle","File","True","True","1","0","False","False","False","False","False","False","False","0","0","0","0","See git log","CACHE_OR_ENVIRONMENT","See prior RESPONSIBILITY_RECOVERY_AUDIT.md for details","True","COPY_VERIFY_THEN_REMOVE","T:\Project-AI-consolidation-logs\","Low if verified","Low per BOUNDARY_AUDIT","git checkout -- build.gradle or from hash manifest","git status; ap validate; python canonical/replay.py","True"
"T:\Project-AI-main\build.gradle.kts","File","True","True","1","0","False","False","False","False","False","False","False","0","0","0","0","See git log","CACHE_OR_ENVIRONMENT","See prior RESPONSIBILITY_RECOVERY_AUDIT.md for details","True","COPY_VERIFY_THEN_REMOVE","T:\Project-AI-consolidation-logs\","Low if verified","Low per BOUNDARY_AUDIT","git checkout -- build.gradle.kts or from hash manifest","git status; ap validate; python canonical/replay.py","True"
"T:\Project-AI-main\build.gradle.legacy","File","True","True","1","0","False","False","False","False","False","False","False","0","0","0","0","See git log","CACHE_OR_ENVIRONMENT","See prior RESPONSIBILITY_RECOVERY_AUDIT.md for details","True","COPY_VERIFY_THEN_REMOVE","T:\Project-AI-consolidation-logs\","Low if verified","Low per BOUNDARY_AUDIT","git checkout -- build.gradle.legacy or from hash manifest","git status; ap validate; python canonical/replay.py","True"
"T:\Project-AI-main\build.tarl","File","True","True","1","0","False","False","False","False","False","False","False","0","0","0","0","See git log","CACHE_OR_ENVIRONMENT","See prior RESPONSIBILITY_RECOVERY_AUDIT.md for details","True","COPY_VERIFY_THEN_REMOVE","T:\Project-AI-consolidation-logs\","Low if verified","Low per BOUNDARY_AUDIT","git checkout -- build.tarl or from hash manifest","git status; ap validate; python canonical/replay.py","True"
"T:\Project-AI-main\CHANGELOG.md","File","True","True","1","0","False","False","False","False","False","True","False","0","0","0","0","See git log","CACHE_OR_ENVIRONMENT","See prior RESPONSIBILITY_RECOVERY_AUDIT.md for details","True","COPY_VERIFY_THEN_REMOVE","T:\Project-AI-consolidation-logs\","Low if verified","Low per BOUNDARY_AUDIT","git checkout -- CHANGELOG.md or from hash manifest","git status; ap validate; python canonical/replay.py","True"
"T:\Project-AI-main\CITATIONS.md","File","True","True","1","0","False","False","False","False","False","False","False","0","0","0","0","See git log","CACHE_OR_ENVIRONMENT","See prior RESPONSIBILITY_RECOVERY_AUDIT.md for details","True","COPY_VERIFY_THEN_REMOVE","T:\Project-AI-consolidation-logs\","Low if verified","Low per BOUNDARY_AUDIT","git checkout -- CITATIONS.md or from hash manifest","git status; ap validate; python canonical/replay.py","True"
"T:\Project-AI-main\CODE_OF_CONDUCT.md","File","True","True","1","0","False","False","False","False","False","False","False","0","0","0","0","See git log","CACHE_OR_ENVIRONMENT","See prior RESPONSIBILITY_RECOVERY_AUDIT.md for details","True","COPY_VERIFY_THEN_REMOVE","T:\Project-AI-consolidation-logs\","Low if verified","Low per BOUNDARY_AUDIT","git checkout -- CODE_OF_CONDUCT.md or from hash manifest","git status; ap validate; python canonical/replay.py","True"
"T:\Project-AI-main\CODEOWNERS","Directory","True","True","0","N/A (large)","False","False","False","False","False","False","False","0","0","0","0","See git log","CACHE_OR_ENVIRONMENT","See prior RESPONSIBILITY_RECOVERY_AUDIT.md for details","True","COPY_VERIFY_THEN_REMOVE","T:\Project-AI-consolidation-logs\","Low if verified","Low per BOUNDARY_AUDIT","git checkout -- CODEOWNERS or from hash manifest","git status; ap validate; python canonical/replay.py","True"
"T:\Project-AI-main\CONTRIBUTING.md","File","True","True","1","0","False","False","False","False","False","False","False","0","0","0","0","See git log","CACHE_OR_ENVIRONMENT","See prior RESPONSIBILITY_RECOVERY_AUDIT.md for details","True","COPY_VERIFY_THEN_REMOVE","T:\Project-AI-consolidation-logs\","Low if verified","Low per BOUNDARY_AUDIT","git checkout -- CONTRIBUTING.md or from hash manifest","git status; ap validate; python canonical/replay.py","True"
"T:\Project-AI-main\DEVELOPER_QUICK_REFERENCE.md","File","True","True","1","0","False","False","False","False","False","False","False","0","0","0","0","See git log","CACHE_OR_ENVIRONMENT","See prior RESPONSIBILITY_RECOVERY_AUDIT.md for details","True","COPY_VERIFY_THEN_REMOVE","T:\Project-AI-consolidation-logs\","Low if verified","Low per BOUNDARY_AUDIT","git checkout -- DEVELOPER_QUICK_REFERENCE.md or from hash manifest","git status; ap validate; python canonical/replay.py","True"
"T:\Project-AI-main\docker-compose.override.yml","File","True","True","1","0","False","False","False","False","False","False","False","0","0","0","0","See git log","CACHE_OR_ENVIRONMENT","See prior RESPONSIBILITY_RECOVERY_AUDIT.md for details","True","COPY_VERIFY_THEN_REMOVE","T:\Project-AI-consolidation-logs\","Low if verified","Low per BOUNDARY_AUDIT","git checkout -- docker-compose.override.yml or from hash manifest","git status; ap validate; python canonical/replay.py","True"
"T:\Project-AI-main\docker-compose.yml","File","True","True","1","0","False","False","False","False","False","False","False","0","0","0","0","See git log","CACHE_OR_ENVIRONMENT","See prior RESPONSIBILITY_RECOVERY_AUDIT.md for details","True","COPY_VERIFY_THEN_REMOVE","T:\Project-AI-consolidation-logs\","Low if verified","Low per BOUNDARY_AUDIT","git checkout -- docker-compose.yml or from hash manifest","git status; ap validate; python canonical/replay.py","True"
"T:\Project-AI-main\Dockerfile","Directory","True","True","0","N/A (large)","False","False","False","False","False","False","False","0","0","0","0","See git log","CACHE_OR_ENVIRONMENT","See prior RESPONSIBILITY_RECOVERY_AUDIT.md for details","True","COPY_VERIFY_THEN_REMOVE","T:\Project-AI-consolidation-logs\","Low if verified","Low per BOUNDARY_AUDIT","git checkout -- Dockerfile or from hash manifest","git status; ap validate; python canonical/replay.py","True"
"T:\Project-AI-main\DOCUMENTATION_COMPILER_AGENT_README.md","File","True","True","1","0","False","False","False","True","False","False","False","0","0","0","0","See git log","ACTIVE_ROOT","See prior RESPONSIBILITY_RECOVERY_AUDIT.md for details","False","NONE","N/A","High","Low per BOUNDARY_AUDIT","git checkout -- DOCUMENTATION_COMPILER_AGENT_README.md or from hash manifest","git status; ap validate; python canonical/replay.py","True"
"T:\Project-AI-main\example_production_audit.py","File","True","True","1","0","False","False","False","False","False","True","False","0","0","0","0","See git log","CACHE_OR_ENVIRONMENT","See prior RESPONSIBILITY_RECOVERY_AUDIT.md for details","True","COPY_VERIFY_THEN_REMOVE","T:\Project-AI-consolidation-logs\","Low if verified","Low per BOUNDARY_AUDIT","git checkout -- example_production_audit.py or from hash manifest","git status; ap validate; python canonical/replay.py","True"
"T:\Project-AI-main\export_baseline.py","File","True","True","1","0","False","False","False","False","False","False","False","0","0","0","0","See git log","CACHE_OR_ENVIRONMENT","See prior RESPONSIBILITY_RECOVERY_AUDIT.md for details","True","COPY_VERIFY_THEN_REMOVE","T:\Project-AI-consolidation-logs\","Low if verified","Low per BOUNDARY_AUDIT","git checkout -- export_baseline.py or from hash manifest","git status; ap validate; python canonical/replay.py","True"
"T:\Project-AI-main\extract_with_permissions.py","File","True","True","1","0","False","False","False","False","False","False","False","0","0","0","0","See git log","CACHE_OR_ENVIRONMENT","See prior RESPONSIBILITY_RECOVERY_AUDIT.md for details","True","COPY_VERIFY_THEN_REMOVE","T:\Project-AI-consolidation-logs\","Low if verified","Low per BOUNDARY_AUDIT","git checkout -- extract_with_permissions.py or from hash manifest","git status; ap validate; python canonical/replay.py","True"
"T:\Project-AI-main\generate_bcdr_pdf.py","File","True","True","1","0","False","False","False","False","False","False","False","0","0","0","0","See git log","CACHE_OR_ENVIRONMENT","See prior RESPONSIBILITY_RECOVERY_AUDIT.md for details","True","COPY_VERIFY_THEN_REMOVE","T:\Project-AI-consolidation-logs\","Low if verified","Low per BOUNDARY_AUDIT","git checkout -- generate_bcdr_pdf.py or from hash manifest","git status; ap validate; python canonical/replay.py","True"
"T:\Project-AI-main\generate_glossary_pdf.py","File","True","True","1","0","False","False","False","False","False","False","False","0","0","0","0","See git log","CACHE_OR_ENVIRONMENT","See prior RESPONSIBILITY_RECOVERY_AUDIT.md for details","True","COPY_VERIFY_THEN_REMOVE","T:\Project-AI-consolidation-logs\","Low if verified","Low per BOUNDARY_AUDIT","git checkout -- generate_glossary_pdf.py or from hash manifest","git status; ap validate; python canonical/replay.py","True"
"T:\Project-AI-main\generate_pdf.py","File","True","True","1","0","False","False","False","False","False","False","False","0","0","0","0","See git log","CACHE_OR_ENVIRONMENT","See prior RESPONSIBILITY_RECOVERY_AUDIT.md for details","True","COPY_VERIFY_THEN_REMOVE","T:\Project-AI-consolidation-logs\","Low if verified","Low per BOUNDARY_AUDIT","git checkout -- generate_pdf.py or from hash manifest","git status; ap validate; python canonical/replay.py","True"
"T:\Project-AI-main\generate_utf_canonical_pdf.py","File","True","True","1","0","False","False","False","False","False","False","False","0","0","0","0","See git log","CACHE_OR_ENVIRONMENT","See prior RESPONSIBILITY_RECOVERY_AUDIT.md for details","True","COPY_VERIFY_THEN_REMOVE","T:\Project-AI-consolidation-logs\","Low if verified","Low per BOUNDARY_AUDIT","git checkout -- generate_utf_canonical_pdf.py or from hash manifest","git status; ap validate; python canonical/replay.py","True"
"T:\Project-AI-main\generate_utf_comprehensive_pdf.py","File","True","True","1","0","False","False","False","False","False","False","False","0","0","0","0","See git log","CACHE_OR_ENVIRONMENT","See prior RESPONSIBILITY_RECOVERY_AUDIT.md for details","True","COPY_VERIFY_THEN_REMOVE","T:\Project-AI-consolidation-logs\","Low if verified","Low per BOUNDARY_AUDIT","git checkout -- generate_utf_comprehensive_pdf.py or from hash manifest","git status; ap validate; python canonical/replay.py","True"
"T:\Project-AI-main\gradle.properties","File","True","True","1","0","False","False","False","False","False","False","False","0","0","0","0","See git log","CACHE_OR_ENVIRONMENT","See prior RESPONSIBILITY_RECOVERY_AUDIT.md for details","True","COPY_VERIFY_THEN_REMOVE","T:\Project-AI-consolidation-logs\","Low if verified","Low per BOUNDARY_AUDIT","git checkout -- gradle.properties or from hash manifest","git status; ap validate; python canonical/replay.py","True"
"T:\Project-AI-main\gradlew","Directory","True","True","0","N/A (large)","False","False","False","False","False","False","False","0","0","0","0","See git log","CACHE_OR_ENVIRONMENT","See prior RESPONSIBILITY_RECOVERY_AUDIT.md for details","True","COPY_VERIFY_THEN_REMOVE","T:\Project-AI-consolidation-logs\","Low if verified","Low per BOUNDARY_AUDIT","git checkout -- gradlew or from hash manifest","git status; ap validate; python canonical/replay.py","True"
"T:\Project-AI-main\gradlew.bat","File","True","True","1","0","False","False","False","False","False","False","False","0","0","0","0","See git log","CACHE_OR_ENVIRONMENT","See prior RESPONSIBILITY_RECOVERY_AUDIT.md for details","True","COPY_VERIFY_THEN_REMOVE","T:\Project-AI-consolidation-logs\","Low if verified","Low per BOUNDARY_AUDIT","git checkout -- gradlew.bat or from hash manifest","git status; ap validate; python canonical/replay.py","True"
"T:\Project-AI-main\IMPLEMENTATION_BACKLOG.md","File","True","True","1","0","False","False","False","False","False","True","False","0","0","0","0","See git log","CACHE_OR_ENVIRONMENT","See prior RESPONSIBILITY_RECOVERY_AUDIT.md for details","True","COPY_VERIFY_THEN_REMOVE","T:\Project-AI-consolidation-logs\","Low if verified","Low per BOUNDARY_AUDIT","git checkout -- IMPLEMENTATION_BACKLOG.md or from hash manifest","git status; ap validate; python canonical/replay.py","True"
"T:\Project-AI-main\install_production.ps1","File","True","True","1","0","False","False","False","False","False","False","False","0","0","0","0","See git log","CACHE_OR_ENVIRONMENT","See prior RESPONSIBILITY_RECOVERY_AUDIT.md for details","True","COPY_VERIFY_THEN_REMOVE","T:\Project-AI-consolidation-logs\","Low if verified","Low per BOUNDARY_AUDIT","git checkout -- install_production.ps1 or from hash manifest","git status; ap validate; python canonical/replay.py","True"
"T:\Project-AI-main\LAUNCH_MISSION_CONTROL.bat","File","True","True","1","0","False","False","False","False","False","False","False","0","0","0","0","See git log","CACHE_OR_ENVIRONMENT","See prior RESPONSIBILITY_RECOVERY_AUDIT.md for details","True","COPY_VERIFY_THEN_REMOVE","T:\Project-AI-consolidation-logs\","Low if verified","Low per BOUNDARY_AUDIT","git checkout -- LAUNCH_MISSION_CONTROL.bat or from hash manifest","git status; ap validate; python canonical/replay.py","True"
"T:\Project-AI-main\LICENSE","Directory","True","True","0","N/A (large)","False","False","False","False","False","False","False","0","0","0","0","See git log","CACHE_OR_ENVIRONMENT","See prior RESPONSIBILITY_RECOVERY_AUDIT.md for details","True","COPY_VERIFY_THEN_REMOVE","T:\Project-AI-consolidation-logs\","Low if verified","Low per BOUNDARY_AUDIT","git checkout -- LICENSE or from hash manifest","git status; ap validate; python canonical/replay.py","True"
"T:\Project-AI-main\Makefile","Directory","True","True","0","N/A (large)","False","False","False","False","False","False","False","0","0","0","0","See git log","CACHE_OR_ENVIRONMENT","See prior RESPONSIBILITY_RECOVERY_AUDIT.md for details","True","COPY_VERIFY_THEN_REMOVE","T:\Project-AI-consolidation-logs\","Low if verified","Low per BOUNDARY_AUDIT","git checkout -- Makefile or from hash manifest","git status; ap validate; python canonical/replay.py","True"
"T:\Project-AI-main\MANIFEST.in","File","True","True","1","0","False","False","False","False","False","False","False","0","0","0","0","See git log","CACHE_OR_ENVIRONMENT","See prior RESPONSIBILITY_RECOVERY_AUDIT.md for details","True","COPY_VERIFY_THEN_REMOVE","T:\Project-AI-consolidation-logs\","Low if verified","Low per BOUNDARY_AUDIT","git checkout -- MANIFEST.in or from hash manifest","git status; ap validate; python canonical/replay.py","True"
"T:\Project-AI-main\mcp.json","File","True","True","1","0","False","False","False","False","False","False","False","0","0","0","0","See git log","CACHE_OR_ENVIRONMENT","See prior RESPONSIBILITY_RECOVERY_AUDIT.md for details","True","COPY_VERIFY_THEN_REMOVE","T:\Project-AI-consolidation-logs\","Low if verified","Low per BOUNDARY_AUDIT","git checkout -- mcp.json or from hash manifest","git status; ap validate; python canonical/replay.py","True"
"T:\Project-AI-main\package-lock.json","File","True","True","1","0","False","False","False","False","False","False","False","0","0","0","0","See git log","CACHE_OR_ENVIRONMENT","See prior RESPONSIBILITY_RECOVERY_AUDIT.md for details","True","COPY_VERIFY_THEN_REMOVE","T:\Project-AI-consolidation-logs\","Low if verified","Low per BOUNDARY_AUDIT","git checkout -- package-lock.json or from hash manifest","git status; ap validate; python canonical/replay.py","True"
"T:\Project-AI-main\package.json","File","True","True","1","0","False","False","False","False","False","False","False","0","0","0","0","See git log","CACHE_OR_ENVIRONMENT","See prior RESPONSIBILITY_RECOVERY_AUDIT.md for details","True","COPY_VERIFY_THEN_REMOVE","T:\Project-AI-consolidation-logs\","Low if verified","Low per BOUNDARY_AUDIT","git checkout -- package.json or from hash manifest","git status; ap validate; python canonical/replay.py","True"
"T:\Project-AI-main\page1_preview.png","File","True","True","1","0","False","False","False","False","False","False","False","0","0","0","0","See git log","CACHE_OR_ENVIRONMENT","See prior RESPONSIBILITY_RECOVERY_AUDIT.md for details","True","COPY_VERIFY_THEN_REMOVE","T:\Project-AI-consolidation-logs\","Low if verified","Low per BOUNDARY_AUDIT","git checkout -- page1_preview.png or from hash manifest","git status; ap validate; python canonical/replay.py","True"
"T:\Project-AI-main\PR_Overseer.prompt.yml","File","True","True","1","0","False","False","False","False","False","False","False","0","0","0","0","See git log","CACHE_OR_ENVIRONMENT","See prior RESPONSIBILITY_RECOVERY_AUDIT.md for details","True","COPY_VERIFY_THEN_REMOVE","T:\Project-AI-consolidation-logs\","Low if verified","Low per BOUNDARY_AUDIT","git checkout -- PR_Overseer.prompt.yml or from hash manifest","git status; ap validate; python canonical/replay.py","True"
"T:\Project-AI-main\PRODUCTION_AUDITOR_QUICKREF.md","File","True","True","1","0","False","False","False","False","False","True","False","0","0","0","0","See git log","CACHE_OR_ENVIRONMENT","See prior RESPONSIBILITY_RECOVERY_AUDIT.md for details","True","COPY_VERIFY_THEN_REMOVE","T:\Project-AI-consolidation-logs\","Low if verified","Low per BOUNDARY_AUDIT","git checkout -- PRODUCTION_AUDITOR_QUICKREF.md or from hash manifest","git status; ap validate; python canonical/replay.py","True"
"T:\Project-AI-main\PRODUCTION_AUDITOR_SUMMARY.md","File","True","True","1","0","False","False","False","False","False","True","False","0","0","0","0","See git log","CACHE_OR_ENVIRONMENT","See prior RESPONSIBILITY_RECOVERY_AUDIT.md for details","True","COPY_VERIFY_THEN_REMOVE","T:\Project-AI-consolidation-logs\","Low if verified","Low per BOUNDARY_AUDIT","git checkout -- PRODUCTION_AUDITOR_SUMMARY.md or from hash manifest","git status; ap validate; python canonical/replay.py","True"
"T:\Project-AI-main\PROJECT_AI_BCDR_PLAN.pdf","File","True","True","1","0","False","False","False","False","False","False","False","0","0","0","0","See git log","CACHE_OR_ENVIRONMENT","See prior RESPONSIBILITY_RECOVERY_AUDIT.md for details","True","COPY_VERIFY_THEN_REMOVE","T:\Project-AI-consolidation-logs\","Low if verified","Low per BOUNDARY_AUDIT","git checkout -- PROJECT_AI_BCDR_PLAN.pdf or from hash manifest","git status; ap validate; python canonical/replay.py","True"
"T:\Project-AI-main\project_ai_cli.py","File","True","True","1","0","False","False","False","True","False","False","False","0","0","0","0","See git log","CACHE_OR_ENVIRONMENT","See prior RESPONSIBILITY_RECOVERY_AUDIT.md for details","True","COPY_VERIFY_THEN_REMOVE","T:\Project-AI-consolidation-logs\","Low if verified","Low per BOUNDARY_AUDIT","git checkout -- project_ai_cli.py or from hash manifest","git status; ap validate; python canonical/replay.py","True"
"T:\Project-AI-main\Project-AI-main.sln","File","True","True","1","0","False","False","False","True","False","False","False","0","0","0","0","See git log","CACHE_OR_ENVIRONMENT","See prior RESPONSIBILITY_RECOVERY_AUDIT.md for details","True","COPY_VERIFY_THEN_REMOVE","T:\Project-AI-consolidation-logs\","Low if verified","Low per BOUNDARY_AUDIT","git checkout -- Project-AI-main.sln or from hash manifest","git status; ap validate; python canonical/replay.py","True"
"T:\Project-AI-main\Project-AI.code-workspace","File","True","True","1","0","False","False","False","False","False","False","False","0","0","0","0","See git log","CACHE_OR_ENVIRONMENT","See prior RESPONSIBILITY_RECOVERY_AUDIT.md for details","True","COPY_VERIFY_THEN_REMOVE","T:\Project-AI-consolidation-logs\","Low if verified","Low per BOUNDARY_AUDIT","git checkout -- Project-AI.code-workspace or from hash manifest","git status; ap validate; python canonical/replay.py","True"
"T:\Project-AI-main\pyproject.toml","File","True","True","1","0","False","False","False","False","False","False","False","0","0","0","0","See git log","ACTIVE_ROOT","See prior RESPONSIBILITY_RECOVERY_AUDIT.md for details","False","NONE","N/A","High","Low per BOUNDARY_AUDIT","git checkout -- pyproject.toml or from hash manifest","git status; ap validate; python canonical/replay.py","True"
"T:\Project-AI-main\quickstart.py","File","True","True","1","0","False","False","False","False","False","False","False","0","0","0","0","See git log","CACHE_OR_ENVIRONMENT","See prior RESPONSIBILITY_RECOVERY_AUDIT.md for details","True","COPY_VERIFY_THEN_REMOVE","T:\Project-AI-consolidation-logs\","Low if verified","Low per BOUNDARY_AUDIT","git checkout -- quickstart.py or from hash manifest","git status; ap validate; python canonical/replay.py","True"
"T:\Project-AI-main\README_HONEST.md","File","True","True","1","0","False","False","False","True","False","False","False","0","0","0","0","See git log","ACTIVE_ROOT","See prior RESPONSIBILITY_RECOVERY_AUDIT.md for details","False","NONE","N/A","High","Low per BOUNDARY_AUDIT","git checkout -- README_HONEST.md or from hash manifest","git status; ap validate; python canonical/replay.py","True"
"T:\Project-AI-main\README_ORIGINAL_BACKUP.md","File","True","True","1","0","False","False","False","True","False","False","False","0","0","0","0","See git log","ACTIVE_ROOT","See prior RESPONSIBILITY_RECOVERY_AUDIT.md for details","False","NONE","N/A","High","Low per BOUNDARY_AUDIT","git checkout -- README_ORIGINAL_BACKUP.md or from hash manifest","git status; ap validate; python canonical/replay.py","True"
"T:\Project-AI-main\README.md","File","True","True","1","0","False","False","False","True","False","False","False","0","0","0","0","See git log","ACTIVE_ROOT","See prior RESPONSIBILITY_RECOVERY_AUDIT.md for details","False","NONE","N/A","High","Low per BOUNDARY_AUDIT","git checkout -- README.md or from hash manifest","git status; ap validate; python canonical/replay.py","True"
"T:\Project-AI-main\recovery_repo_restructure_unique.txt","File","True","True","1","0","False","False","False","False","False","False","False","0","0","0","0","See git log","CACHE_OR_ENVIRONMENT","See prior RESPONSIBILITY_RECOVERY_AUDIT.md for details","True","COPY_VERIFY_THEN_REMOVE","T:\Project-AI-consolidation-logs\","Low if verified","Low per BOUNDARY_AUDIT","git checkout -- recovery_repo_restructure_unique.txt or from hash manifest","git status; ap validate; python canonical/replay.py","True"
"T:\Project-AI-main\recovery_verified_poc_unique.txt","File","True","True","1","0","False","False","False","False","False","False","False","0","0","0","0","See git log","CACHE_OR_ENVIRONMENT","See prior RESPONSIBILITY_RECOVERY_AUDIT.md for details","True","COPY_VERIFY_THEN_REMOVE","T:\Project-AI-consolidation-logs\","Low if verified","Low per BOUNDARY_AUDIT","git checkout -- recovery_verified_poc_unique.txt or from hash manifest","git status; ap validate; python canonical/replay.py","True"
"T:\Project-AI-main\remediation_integration.log","File","True","True","1","0","False","False","False","False","False","True","False","0","0","0","0","See git log","CACHE_OR_ENVIRONMENT","See prior RESPONSIBILITY_RECOVERY_AUDIT.md for details","True","COPY_VERIFY_THEN_REMOVE","T:\Project-AI-consolidation-logs\","Low if verified","Low per BOUNDARY_AUDIT","git checkout -- remediation_integration.log or from hash manifest","git status; ap validate; python canonical/replay.py","True"
"T:\Project-AI-main\requirements-dev.txt","File","True","True","1","0","False","False","False","False","False","False","False","0","0","0","0","See git log","CACHE_OR_ENVIRONMENT","See prior RESPONSIBILITY_RECOVERY_AUDIT.md for details","True","COPY_VERIFY_THEN_REMOVE","T:\Project-AI-consolidation-logs\","Low if verified","Low per BOUNDARY_AUDIT","git checkout -- requirements-dev.txt or from hash manifest","git status; ap validate; python canonical/replay.py","True"
"T:\Project-AI-main\requirements.in","File","True","True","1","0","False","False","False","False","False","False","False","0","0","0","0","See git log","CACHE_OR_ENVIRONMENT","See prior RESPONSIBILITY_RECOVERY_AUDIT.md for details","True","COPY_VERIFY_THEN_REMOVE","T:\Project-AI-consolidation-logs\","Low if verified","Low per BOUNDARY_AUDIT","git checkout -- requirements.in or from hash manifest","git status; ap validate; python canonical/replay.py","True"
"T:\Project-AI-main\requirements.lock","File","True","True","1","0","False","False","False","False","False","False","False","0","0","0","0","See git log","CACHE_OR_ENVIRONMENT","See prior RESPONSIBILITY_RECOVERY_AUDIT.md for details","True","COPY_VERIFY_THEN_REMOVE","T:\Project-AI-consolidation-logs\","Low if verified","Low per BOUNDARY_AUDIT","git checkout -- requirements.lock or from hash manifest","git status; ap validate; python canonical/replay.py","True"
"T:\Project-AI-main\requirements.txt","File","True","True","1","0","False","False","False","False","False","False","False","0","0","0","0","See git log","CACHE_OR_ENVIRONMENT","See prior RESPONSIBILITY_RECOVERY_AUDIT.md for details","True","COPY_VERIFY_THEN_REMOVE","T:\Project-AI-consolidation-logs\","Low if verified","Low per BOUNDARY_AUDIT","git checkout -- requirements.txt or from hash manifest","git status; ap validate; python canonical/replay.py","True"
"T:\Project-AI-main\run_shadow_tests.bat","File","True","True","1","0","False","False","True","False","False","False","False","0","0","0","0","See git log","CACHE_OR_ENVIRONMENT","See prior RESPONSIBILITY_RECOVERY_AUDIT.md for details","True","COPY_VERIFY_THEN_REMOVE","T:\Project-AI-consolidation-logs\","Low if verified","Low per BOUNDARY_AUDIT","git checkout -- run_shadow_tests.bat or from hash manifest","git status; ap validate; python canonical/replay.py","True"
"T:\Project-AI-main\SECURITY.md","File","True","True","1","0","False","False","False","False","False","False","False","0","0","0","0","See git log","CACHE_OR_ENVIRONMENT","See prior RESPONSIBILITY_RECOVERY_AUDIT.md for details","True","COPY_VERIFY_THEN_REMOVE","T:\Project-AI-consolidation-logs\","Low if verified","Low per BOUNDARY_AUDIT","git checkout -- SECURITY.md or from hash manifest","git status; ap validate; python canonical/replay.py","True"
"T:\Project-AI-main\session.sqlite","File","True","True","1","0","False","False","False","False","False","False","False","0","0","0","0","See git log","CACHE_OR_ENVIRONMENT","See prior RESPONSIBILITY_RECOVERY_AUDIT.md for details","True","COPY_VERIFY_THEN_REMOVE","T:\Project-AI-consolidation-logs\","Low if verified","Low per BOUNDARY_AUDIT","git checkout -- session.sqlite or from hash manifest","git status; ap validate; python canonical/replay.py","True"
"T:\Project-AI-main\settings.gradle","File","True","True","1","0","False","False","False","False","False","False","False","0","0","0","0","See git log","CACHE_OR_ENVIRONMENT","See prior RESPONSIBILITY_RECOVERY_AUDIT.md for details","True","COPY_VERIFY_THEN_REMOVE","T:\Project-AI-consolidation-logs\","Low if verified","Low per BOUNDARY_AUDIT","git checkout -- settings.gradle or from hash manifest","git status; ap validate; python canonical/replay.py","True"
"T:\Project-AI-main\settings.gradle.kts","File","True","True","1","0","False","False","False","False","False","False","False","0","0","0","0","See git log","CACHE_OR_ENVIRONMENT","See prior RESPONSIBILITY_RECOVERY_AUDIT.md for details","True","COPY_VERIFY_THEN_REMOVE","T:\Project-AI-consolidation-logs\","Low if verified","Low per BOUNDARY_AUDIT","git checkout -- settings.gradle.kts or from hash manifest","git status; ap validate; python canonical/replay.py","True"
"T:\Project-AI-main\setup.cfg","File","True","True","1","0","False","False","False","False","False","False","False","0","0","0","0","See git log","ACTIVE_ROOT","See prior RESPONSIBILITY_RECOVERY_AUDIT.md for details","False","NONE","N/A","High","Low per BOUNDARY_AUDIT","git checkout -- setup.cfg or from hash manifest","git status; ap validate; python canonical/replay.py","True"
"T:\Project-AI-main\setup.py","File","True","True","1","0","False","False","False","False","False","False","False","0","0","0","0","See git log","ACTIVE_ROOT","See prior RESPONSIBILITY_RECOVERY_AUDIT.md for details","False","NONE","N/A","High","Low per BOUNDARY_AUDIT","git checkout -- setup.py or from hash manifest","git status; ap validate; python canonical/replay.py","True"
"T:\Project-AI-main\shadow_test_output.txt","File","True","True","1","0","False","False","True","False","False","False","False","0","0","0","0","See git log","CACHE_OR_ENVIRONMENT","See prior RESPONSIBILITY_RECOVERY_AUDIT.md for details","True","COPY_VERIFY_THEN_REMOVE","T:\Project-AI-consolidation-logs\","Low if verified","Low per BOUNDARY_AUDIT","git checkout -- shadow_test_output.txt or from hash manifest","git status; ap validate; python canonical/replay.py","True"
"T:\Project-AI-main\SOVEREIGN_MANIFEST.md","File","True","True","1","0","False","False","False","False","False","False","False","0","0","0","0","See git log","CACHE_OR_ENVIRONMENT","See prior RESPONSIBILITY_RECOVERY_AUDIT.md for details","True","COPY_VERIFY_THEN_REMOVE","T:\Project-AI-consolidation-logs\","Low if verified","Low per BOUNDARY_AUDIT","git checkout -- SOVEREIGN_MANIFEST.md or from hash manifest","git status; ap validate; python canonical/replay.py","True"
"T:\Project-AI-main\SOVEREIGN_VAULT_ARCHITECTURE.md","File","True","True","1","0","False","False","False","False","False","False","False","0","0","0","0","See git log","CACHE_OR_ENVIRONMENT","See prior RESPONSIBILITY_RECOVERY_AUDIT.md for details","True","COPY_VERIFY_THEN_REMOVE","T:\Project-AI-consolidation-logs\","Low if verified","Low per BOUNDARY_AUDIT","git checkout -- SOVEREIGN_VAULT_ARCHITECTURE.md or from hash manifest","git status; ap validate; python canonical/replay.py","True"
"T:\Project-AI-main\STABILITY.md","File","True","True","1","0","False","False","False","False","False","False","False","0","0","0","0","See git log","CACHE_OR_ENVIRONMENT","See prior RESPONSIBILITY_RECOVERY_AUDIT.md for details","True","COPY_VERIFY_THEN_REMOVE","T:\Project-AI-consolidation-logs\","Low if verified","Low per BOUNDARY_AUDIT","git checkout -- STABILITY.md or from hash manifest","git status; ap validate; python canonical/replay.py","True"
"T:\Project-AI-main\start_api.py","File","True","True","1","0","False","False","False","False","False","False","False","0","0","0","0","See git log","CACHE_OR_ENVIRONMENT","See prior RESPONSIBILITY_RECOVERY_AUDIT.md for details","True","COPY_VERIFY_THEN_REMOVE","T:\Project-AI-consolidation-logs\","Low if verified","Low per BOUNDARY_AUDIT","git checkout -- start_api.py or from hash manifest","git status; ap validate; python canonical/replay.py","True"
"T:\Project-AI-main\SYSTEM_MANIFEST.md","File","True","True","1","0","False","False","False","False","False","False","False","0","0","0","0","See git log","CACHE_OR_ENVIRONMENT","See prior RESPONSIBILITY_RECOVERY_AUDIT.md for details","True","COPY_VERIFY_THEN_REMOVE","T:\Project-AI-consolidation-logs\","Low if verified","Low per BOUNDARY_AUDIT","git checkout -- SYSTEM_MANIFEST.md or from hash manifest","git status; ap validate; python canonical/replay.py","True"
"T:\Project-AI-main\TAMS_SUPREME_SPECIFICATION.md","File","True","True","1","0","False","False","False","False","False","False","False","0","0","0","0","See git log","CACHE_OR_ENVIRONMENT","See prior RESPONSIBILITY_RECOVERY_AUDIT.md for details","True","COPY_VERIFY_THEN_REMOVE","T:\Project-AI-consolidation-logs\","Low if verified","Low per BOUNDARY_AUDIT","git checkout -- TAMS_SUPREME_SPECIFICATION.md or from hash manifest","git status; ap validate; python canonical/replay.py","True"
"T:\Project-AI-main\TECHNICAL_SPECIFICATION.md","File","True","True","1","0","False","False","False","False","False","False","False","0","0","0","0","See git log","CACHE_OR_ENVIRONMENT","See prior RESPONSIBILITY_RECOVERY_AUDIT.md for details","True","COPY_VERIFY_THEN_REMOVE","T:\Project-AI-consolidation-logs\","Low if verified","Low per BOUNDARY_AUDIT","git checkout -- TECHNICAL_SPECIFICATION.md or from hash manifest","git status; ap validate; python canonical/replay.py","True"
"T:\Project-AI-main\test_connection.py","File","True","True","1","0","False","False","True","False","False","False","False","0","0","0","0","See git log","CACHE_OR_ENVIRONMENT","See prior RESPONSIBILITY_RECOVERY_AUDIT.md for details","True","COPY_VERIFY_THEN_REMOVE","T:\Project-AI-consolidation-logs\","Low if verified","Low per BOUNDARY_AUDIT","git checkout -- test_connection.py or from hash manifest","git status; ap validate; python canonical/replay.py","True"
"T:\Project-AI-main\test_memory_security_audit.py","File","True","True","1","0","False","False","True","False","False","True","False","0","0","0","0","See git log","CACHE_OR_ENVIRONMENT","See prior RESPONSIBILITY_RECOVERY_AUDIT.md for details","True","COPY_VERIFY_THEN_REMOVE","T:\Project-AI-consolidation-logs\","Low if verified","Low per BOUNDARY_AUDIT","git checkout -- test_memory_security_audit.py or from hash manifest","git status; ap validate; python canonical/replay.py","True"
"T:\Project-AI-main\test_mock_openrouter.py","File","True","True","1","0","False","False","True","False","False","False","False","0","0","0","0","See git log","CACHE_OR_ENVIRONMENT","See prior RESPONSIBILITY_RECOVERY_AUDIT.md for details","True","COPY_VERIFY_THEN_REMOVE","T:\Project-AI-consolidation-logs\","Low if verified","Low per BOUNDARY_AUDIT","git checkout -- test_mock_openrouter.py or from hash manifest","git status; ap validate; python canonical/replay.py","True"
"T:\Project-AI-main\test_openrouter_integration.py","File","True","True","1","0","False","False","True","False","False","False","False","0","0","0","0","See git log","CACHE_OR_ENVIRONMENT","See prior RESPONSIBILITY_RECOVERY_AUDIT.md for details","True","COPY_VERIFY_THEN_REMOVE","T:\Project-AI-consolidation-logs\","Low if verified","Low per BOUNDARY_AUDIT","git checkout -- test_openrouter_integration.py or from hash manifest","git status; ap validate; python canonical/replay.py","True"
"T:\Project-AI-main\test_path_traversal_fix.py","File","True","True","1","0","False","False","True","False","False","False","False","0","0","0","0","See git log","CACHE_OR_ENVIRONMENT","See prior RESPONSIBILITY_RECOVERY_AUDIT.md for details","True","COPY_VERIFY_THEN_REMOVE","T:\Project-AI-consolidation-logs\","Low if verified","Low per BOUNDARY_AUDIT","git checkout -- test_path_traversal_fix.py or from hash manifest","git status; ap validate; python canonical/replay.py","True"
"T:\Project-AI-main\The_Guide_Book.md","File","True","True","1","0","False","False","False","False","False","False","False","0","0","0","0","See git log","CACHE_OR_ENVIRONMENT","See prior RESPONSIBILITY_RECOVERY_AUDIT.md for details","True","COPY_VERIFY_THEN_REMOVE","T:\Project-AI-consolidation-logs\","Low if verified","Low per BOUNDARY_AUDIT","git checkout -- The_Guide_Book.md or from hash manifest","git status; ap validate; python canonical/replay.py","True"
"T:\Project-AI-main\Thirsty-Lang_UTF_Reference_CANONICAL.md","File","True","True","1","0","False","False","False","False","False","False","False","0","0","0","0","See git log","CACHE_OR_ENVIRONMENT","See prior RESPONSIBILITY_RECOVERY_AUDIT.md for details","True","COPY_VERIFY_THEN_REMOVE","T:\Project-AI-consolidation-logs\","Low if verified","Low per BOUNDARY_AUDIT","git checkout -- Thirsty-Lang_UTF_Reference_CANONICAL.md or from hash manifest","git status; ap validate; python canonical/replay.py","True"
"T:\Project-AI-main\Thirsty-Lang_UTF_Reference_v1.md","File","True","True","1","0","False","False","False","False","False","False","False","0","0","0","0","See git log","CACHE_OR_ENVIRONMENT","See prior RESPONSIBILITY_RECOVERY_AUDIT.md for details","True","COPY_VERIFY_THEN_REMOVE","T:\Project-AI-consolidation-logs\","Low if verified","Low per BOUNDARY_AUDIT","git checkout -- Thirsty-Lang_UTF_Reference_v1.md or from hash manifest","git status; ap validate; python canonical/replay.py","True"
"T:\Project-AI-main\Thirsty-Lang_UTF_Reference_v1.pdf","File","True","True","1","0","False","False","False","False","False","False","False","0","0","0","0","See git log","CACHE_OR_ENVIRONMENT","See prior RESPONSIBILITY_RECOVERY_AUDIT.md for details","True","COPY_VERIFY_THEN_REMOVE","T:\Project-AI-consolidation-logs\","Low if verified","Low per BOUNDARY_AUDIT","git checkout -- Thirsty-Lang_UTF_Reference_v1.pdf or from hash manifest","git status; ap validate; python canonical/replay.py","True"
"T:\Project-AI-main\Thirsty-Lang_UTF_Source_Map.csv","File","True","True","1","0","False","False","False","False","False","False","False","0","0","0","0","See git log","SIDE_SYSTEM","See prior RESPONSIBILITY_RECOVERY_AUDIT.md for details","True","COPY_VERIFY_THEN_REMOVE","T:\Project-AI-consolidation-logs\","Low if verified","Low per BOUNDARY_AUDIT","git checkout -- Thirsty-Lang_UTF_Source_Map.csv or from hash manifest","git status; ap validate; python canonical/replay.py","True"
"T:\Project-AI-main\VAULT_ADVANCED_PATTERNS_ANALYSIS.md","File","True","True","1","0","False","False","False","False","False","False","False","0","0","0","0","See git log","CACHE_OR_ENVIRONMENT","See prior RESPONSIBILITY_RECOVERY_AUDIT.md for details","True","COPY_VERIFY_THEN_REMOVE","T:\Project-AI-consolidation-logs\","Low if verified","Low per BOUNDARY_AUDIT","git checkout -- VAULT_ADVANCED_PATTERNS_ANALYSIS.md or from hash manifest","git status; ap validate; python canonical/replay.py","True"
"T:\Project-AI-main\VAULT_IMPLEMENTATION_PHASES.md","File","True","True","1","0","False","False","False","False","False","False","False","0","0","0","0","See git log","CACHE_OR_ENVIRONMENT","See prior RESPONSIBILITY_RECOVERY_AUDIT.md for details","True","COPY_VERIFY_THEN_REMOVE","T:\Project-AI-consolidation-logs\","Low if verified","Low per BOUNDARY_AUDIT","git checkout -- VAULT_IMPLEMENTATION_PHASES.md or from hash manifest","git status; ap validate; python canonical/replay.py","True"
"T:\Project-AI-main\VAULT_SECURITY_GAPS_ANALYSIS.md","File","True","True","1","0","False","False","False","False","False","False","False","0","0","0","0","See git log","CACHE_OR_ENVIRONMENT","See prior RESPONSIBILITY_RECOVERY_AUDIT.md for details","True","COPY_VERIFY_THEN_REMOVE","T:\Project-AI-consolidation-logs\","Low if verified","Low per BOUNDARY_AUDIT","git checkout -- VAULT_SECURITY_GAPS_ANALYSIS.md or from hash manifest","git status; ap validate; python canonical/replay.py","True"
"T:\Project-AI-main\WHITEPAPER.md","File","True","True","1","0","False","False","False","False","False","False","False","0","0","0","0","See git log","CACHE_OR_ENVIRONMENT","See prior RESPONSIBILITY_RECOVERY_AUDIT.md for details","True","COPY_VERIFY_THEN_REMOVE","T:\Project-AI-consolidation-logs\","Low if verified","Low per BOUNDARY_AUDIT","git checkout -- WHITEPAPER.md or from hash manifest","git status; ap validate; python canonical/replay.py","True"
